{
    "196_228": {
        "sites": [2721, 2994, 3237],
        "name":
        "196_228",
        "distribution": [
            3.0993964770242886e-55, 7.888491138010415e-49,
            7.416505782548665e-43, 2.578706066633252e-37,
            3.320993059242709e-32, 1.5873750968764452e-27,
            2.82369082084444e-23, 1.8762226828344207e-19,
            4.680581203927461e-16, 4.4157222471017213e-13,
            1.592031092133491e-10, 2.2283918592986997e-08,
            1.2409375742528546e-06, 2.859499262930283e-05,
            0.0002907509971882041, 0.0014456791712425428, 0.004074804351108174,
            0.007718080587603763, 0.011382473585280196, 0.014569963864702388,
            0.01751382670202811, 0.02066378389983832, 0.024160881020229105,
            0.027549217411597347, 0.029693832069342233, 0.029382317342972,
            0.026356482985436518, 0.02178927148145341, 0.01760007844241441,
            0.014973778923658787, 0.013639820619285334, 0.01258188621484152,
            0.011194668861939976, 0.009956182523185737, 0.01014937932093337,
            0.01254110942467443, 0.01626173837120864, 0.019600162860899294,
            0.021818452133448494, 0.023902295106593568, 0.02734380204943693,
            0.031760018394883745, 0.034552085059826904, 0.033757495829429565,
            0.03051037141493636, 0.02807512488485911, 0.028860678804011407,
            0.03253185666768566, 0.03655828321722406, 0.03819968923047293,
            0.036088816995877675, 0.03056298012273012, 0.023172271337347245,
            0.0160101316481254, 0.011061018678579178, 0.009559457881371834,
            0.011515044500512876, 0.01566348975918375, 0.01994232412788756,
            0.022309144006707627, 0.02154537391612345, 0.017709994972285325,
            0.012065887967164714, 0.0064909055520481025, 0.002549777720894292,
            0.0006569663360374599, 9.832092683166268e-05,
            7.627087787447917e-06, 2.797302302096856e-07,
            4.5326343893696414e-09
        ],
        "bins": [
            0.0, 0.1, 0.2, 0.3, 0.4, 0.5, 0.6, 0.7, 0.8, 0.9, 1.0, 1.1, 1.2,
            1.3, 1.4, 1.5, 1.6, 1.7, 1.8, 1.9, 2.0, 2.1, 2.2, 2.3, 2.4, 2.5,
            2.6, 2.7, 2.8, 2.9, 3.0, 3.1, 3.2, 3.3, 3.4, 3.5, 3.6, 3.7, 3.8,
            3.9, 4.0, 4.1, 4.2, 4.3, 4.4, 4.5, 4.6, 4.7, 4.8, 4.9, 5.0, 5.1,
            5.2, 5.3, 5.4, 5.5, 5.6, 5.7, 5.8, 5.9, 6.0, 6.1, 6.2, 6.3, 6.4,
            6.5, 6.6, 6.7, 6.8, 6.9
        ]
    },
    "052_210": {
        "sites": [422, 1351, 1797, 2955],
        "name":
        "052_210",
        "distribution": [
            4.931761297093875e-53, 9.785571147358419e-47,
            7.145660538193909e-41, 1.920698448733745e-35,
            1.9009578686454856e-30, 6.930926875474543e-26,
            9.316185105733064e-22, 4.621815211257808e-18,
            8.478021512912819e-15, 5.766516207969025e-12,
            1.4609618004360605e-09, 1.3889855835518152e-07,
            5.018313154460069e-06, 7.045750126490775e-05,
            0.00040102708897079593, 0.0010091040693735308,
            0.0013598222904210248, 0.001463464745232857, 0.001989976638516332,
            0.0034230330338047513, 0.006033836794895394, 0.010021800162486837,
            0.015486153405097146, 0.022347584411324232, 0.030336514653912062,
            0.03903681385038485, 0.047904931491341424, 0.05629542596227217,
            0.063562198179539, 0.06916932551265229, 0.07266540709613428,
            0.07354788325024887, 0.0713099997246844, 0.06578878890140316,
            0.05743434933416729, 0.047249977641716435, 0.036520731453972395,
            0.026465236089790945, 0.017926812299154157, 0.01124869493828983,
            0.006386262257190632, 0.0031240816369028767, 0.0012273538785430433,
            0.0004919689630425894, 0.0007606976732051765,
            0.0019126842645915717, 0.003793073028306289, 0.006155101266438227,
            0.008673668249091467, 0.011002942433508849, 0.012840504564227318,
            0.013975235369895542, 0.014309180096261663, 0.013855019473150565,
            0.012716101288254128, 0.011059192576689952, 0.009085783963999798,
            0.007005123257676668, 0.005011724458079662, 0.0032673074365641656,
            0.001885601018295397, 0.0009198507969826651,
            0.00035298551725684445, 9.610630328020144e-05,
            1.634611083523927e-05, 1.5239763438447027e-06,
            6.95093140284322e-08, 1.4203265065520061e-09,
            1.2202262340995334e-11, 4.217427409781933e-14
        ],
        "bins": [
            0.0, 0.1, 0.2, 0.3, 0.4, 0.5, 0.6, 0.7, 0.8, 0.9, 1.0, 1.1, 1.2,
            1.3, 1.4, 1.5, 1.6, 1.7, 1.8, 1.9, 2.0, 2.1, 2.2, 2.3, 2.4, 2.5,
            2.6, 2.7, 2.8, 2.9, 3.0, 3.1, 3.2, 3.3, 3.4, 3.5, 3.6, 3.7, 3.8,
            3.9, 4.0, 4.1, 4.2, 4.3, 4.4, 4.5, 4.6, 4.7, 4.8, 4.9, 5.0, 5.1,
            5.2, 5.3, 5.4, 5.5, 5.6, 5.7, 5.8, 5.9, 6.0, 6.1, 6.2, 6.3, 6.4,
            6.5, 6.6, 6.7, 6.8, 6.9
        ]
    },
    "105_216": {
        "sites": [1287, 975, 3059],
        "name":
        "105_216",
        "distribution": [
            1.0297992663545551e-57, 3.4940214061895545e-51,
            4.361180511740182e-45, 2.0025717355627283e-39,
            3.3828101092598713e-34, 2.1021934347845138e-29,
            4.805883614942051e-25, 4.041842079912536e-21,
            1.2505208899338309e-17, 1.423338114357001e-14,
            5.959786828808735e-12, 9.180342895799093e-10,
            5.202268821641387e-08, 1.084514913186129e-06,
            8.318523046006825e-06, 2.3542233959562538e-05,
            2.6169133281128043e-05, 2.6978392345585127e-05,
            7.27030547487743e-05, 0.00011977753848225183,
            8.937563147134169e-05, 0.00013356376931138796,
            0.0008891448973793091, 0.003934653022083753, 0.011138584803486132,
            0.023179344474972607, 0.03928181092305448, 0.05652082472115435,
            0.06863550502254766, 0.07025870301913652, 0.06534784744923937,
            0.06461541126586126, 0.07319620769067735, 0.08749096729562794,
            0.09945970347793175, 0.09936236241479271, 0.08119226397904122,
            0.05031566107852294, 0.02162016632947907, 0.005782134812715891,
            0.0018585221214993924, 7.075808857624693e-05,
            0.00011311563431592092, 0.0008421191549025576,
            0.003331929601648741, 0.007753666236273432, 0.01191411752620955,
            0.013147770347489544, 0.010848020923724179, 0.006658695382489553,
            0.002893817510689403, 0.000867148943743569, 0.000477869442504329,
            0.0011314858196266513, 0.0023209788826599256,
            0.0034256107387840803, 0.003827142022072055, 0.0032983872376018686,
            0.002148793664518061, 0.000995485489226902, 0.0002968683682944403,
            5.0367075504481154e-05, 4.298225873672763e-06,
            1.6641854254470294e-07, 2.7095991875042697e-09,
            1.7625673307778863e-11, 4.433316734675319e-14,
            4.225823260787219e-17, 1.5080725352165343e-20,
            2.000431937375895e-24
        ],
        "bins": [
            0.0, 0.1, 0.2, 0.3, 0.4, 0.5, 0.6, 0.7, 0.8, 0.9, 1.0, 1.1, 1.2,
            1.3, 1.4, 1.5, 1.6, 1.7, 1.8, 1.9, 2.0, 2.1, 2.2, 2.3, 2.4, 2.5,
            2.6, 2.7, 2.8, 2.9, 3.0, 3.1, 3.2, 3.3, 3.4, 3.5, 3.6, 3.7, 3.8,
            3.9, 4.0, 4.1, 4.2, 4.3, 4.4, 4.5, 4.6, 4.7, 4.8, 4.9, 5.0, 5.1,
            5.2, 5.3, 5.4, 5.5, 5.6, 5.7, 5.8, 5.9, 6.0, 6.1, 6.2, 6.3, 6.4,
            6.5, 6.6, 6.7, 6.8, 6.9
        ]
    }
}
